Row No,PC,Opcode,Function,Line No,File,Directory,Cycles,Status
1,0x700A3C96,0x00002000,tm_synchronization_processing_thread_0_entry,104,tm_synchronization_processing_test.c,..,0,Start of trace
2,0x700A599C,0xE24EE004,n/a,,n/a,n/a,1,Entered debug state when halting debug-mode is enabled
3,0x700A59A0,0xE52DE004,n/a,,n/a,n/a,2,
4,0x700A59A4,0xE14FE000,n/a,,n/a,n/a,3,
5,0x700A59A8,0xE52DE004,n/a,,n/a,n/a,4,
6,0x700A59AC,0xF1020013,n/a,,n/a,n/a,5,
7,0x700A59B0,0xE92D101F,n/a,,n/a,n/a,6,
8,0x700A59B4,0xE59F3118,n/a,,n/a,n/a,7,
9,0x700A59B8,0xE5931000,n/a,,n/a,n/a,8,
10,0x700A59BC,0xE2814001,n/a,,n/a,n/a,9,
11,0x700A59C0,0xE5834000,n/a,,n/a,n/a,10,
12,0x700A59C4,0xEEF10A10,n/a,,n/a,n/a,11,
13,0x700A59C8,0xED2D0B20,n/a,,n/a,n/a,12,
14,0x700A59CC,0xE52D0004,n/a,,n/a,n/a,13,
15,0x700A59D0,0xE1A0200D,n/a,,n/a,n/a,14,
16,0x700A59D4,0xE2022004,n/a,,n/a,n/a,15,
17,0x700A59D8,0xE04DD002,n/a,,n/a,n/a,16,
18,0x700A59DC,0xE92D401F,n/a,,n/a,n/a,17,
19,0x700A59E0,0xE59F10F0,n/a,,n/a,n/a,18,
20,0x700A59E4,0xE12FFF31,n/a,,n/a,n/a,19,
21,0x700A5550,0x0000B580,HwiP_irq_handler_c,115,HwiP_armv7r_handlers_freertos.c,dpl/r5,20,
22,0x700A5552,0x0000B086,HwiP_irq_handler_c,115,HwiP_armv7r_handlers_freertos.c,dpl/r5,21,
23,0x700A5554,0x0000A804,HwiP_irq_handler_c,115,HwiP_armv7r_handlers_freertos.c,dpl/r5,22,
24,0x700A5556,0xF000F843,HwiP_irq_handler_c,125,HwiP_armv7r_handlers_freertos.c,dpl/r5,23,
25,0x700A55E0,0x0000B084,HwiP_getIRQ,203,nortos/dpl/r5/HwiP_armv7r_vim.h,/nightlybuilds/mcupsdk_internal/jenkins/mcu_plus_sdk_am243x_10_00_00_20/source/kernel,24,
26,0x700A55E2,0x00009003,HwiP_getIRQ,203,nortos/dpl/r5/HwiP_armv7r_vim.h,/nightlybuilds/mcupsdk_internal/jenkins/mcu_plus_sdk_am243x_10_00_00_20/source/kernel,25,
27,0x700A55E4,0xF04F30FF,HwiP_getIRQ,203,nortos/dpl/r5/HwiP_armv7r_vim.h,/nightlybuilds/mcupsdk_internal/jenkins/mcu_plus_sdk_am243x_10_00_00_20/source/kernel,26,
28,0x700A55E8,0x00009001,HwiP_getIRQ,205,nortos/dpl/r5/HwiP_armv7r_vim.h,/nightlybuilds/mcupsdk_internal/jenkins/mcu_plus_sdk_am243x_10_00_00_20/source/kernel,27,
29,0x700A55EA,0x00009903,HwiP_getIRQ,208,nortos/dpl/r5/HwiP_armv7r_vim.h,/nightlybuilds/mcupsdk_internal/jenkins/mcu_plus_sdk_am243x_10_00_00_20/source/kernel,28,
30,0x700A55EC,0x00002000,HwiP_getIRQ,208,nortos/dpl/r5/HwiP_armv7r_vim.h,/nightlybuilds/mcupsdk_internal/jenkins/mcu_plus_sdk_am243x_10_00_00_20/source/kernel,29,
31,0x700A55EE,0x00006008,HwiP_getIRQ,208,nortos/dpl/r5/HwiP_armv7r_vim.h,/nightlybuilds/mcupsdk_internal/jenkins/mcu_plus_sdk_am243x_10_00_00_20/source/kernel,30,
32,0x700A55F0,0xF64740D0,HwiP_getIRQ,210,nortos/dpl/r5/HwiP_armv7r_vim.h,/nightlybuilds/mcupsdk_internal/jenkins/mcu_plus_sdk_am243x_10_00_00_20/source/kernel,31,
33,0x700A55F4,0xF2C7000A,HwiP_getIRQ,210,nortos/dpl/r5/HwiP_armv7r_vim.h,/nightlybuilds/mcupsdk_internal/jenkins/mcu_plus_sdk_am243x_10_00_00_20/source/kernel,32,
34,0x700A55F8,0x00006800,HwiP_getIRQ,210,nortos/dpl/r5/HwiP_armv7r_vim.h,/nightlybuilds/mcupsdk_internal/jenkins/mcu_plus_sdk_am243x_10_00_00_20/source/kernel,33,
35,0x700A55FA,0x00003020,HwiP_getIRQ,210,nortos/dpl/r5/HwiP_armv7r_vim.h,/nightlybuilds/mcupsdk_internal/jenkins/mcu_plus_sdk_am243x_10_00_00_20/source/kernel,34,
36,0x700A55FC,0x00009002,HwiP_getIRQ,210,nortos/dpl/r5/HwiP_armv7r_vim.h,/nightlybuilds/mcupsdk_internal/jenkins/mcu_plus_sdk_am243x_10_00_00_20/source/kernel,35,
37,0x700A55FE,0x00009802,HwiP_getIRQ,211,nortos/dpl/r5/HwiP_armv7r_vim.h,/nightlybuilds/mcupsdk_internal/jenkins/mcu_plus_sdk_am243x_10_00_00_20/source/kernel,36,
38,0x700A5600,0x00006800,HwiP_getIRQ,211,nortos/dpl/r5/HwiP_armv7r_vim.h,/nightlybuilds/mcupsdk_internal/jenkins/mcu_plus_sdk_am243x_10_00_00_20/source/kernel,37,
39,0x700A5602,0x00009000,HwiP_getIRQ,211,nortos/dpl/r5/HwiP_armv7r_vim.h,/nightlybuilds/mcupsdk_internal/jenkins/mcu_plus_sdk_am243x_10_00_00_20/source/kernel,38,
40,0x700A5604,0xF89D0003,HwiP_getIRQ,213,nortos/dpl/r5/HwiP_armv7r_vim.h,/nightlybuilds/mcupsdk_internal/jenkins/mcu_plus_sdk_am243x_10_00_00_20/source/kernel,39,
41,0x700A5608,0x00000600,HwiP_getIRQ,213,nortos/dpl/r5/HwiP_armv7r_vim.h,/nightlybuilds/mcupsdk_internal/jenkins/mcu_plus_sdk_am243x_10_00_00_20/source/kernel,40,
42,0x700A560A,0x00002800,HwiP_getIRQ,213,nortos/dpl/r5/HwiP_armv7r_vim.h,/nightlybuilds/mcupsdk_internal/jenkins/mcu_plus_sdk_am243x_10_00_00_20/source/kernel,41,
43,0x700A560C,0x0000D508,HwiP_getIRQ,213,nortos/dpl/r5/HwiP_armv7r_vim.h,/nightlybuilds/mcupsdk_internal/jenkins/mcu_plus_sdk_am243x_10_00_00_20/source/kernel,42,
44,0x700A560E,0x0000E7FF,HwiP_getIRQ,213,nortos/dpl/r5/HwiP_armv7r_vim.h,/nightlybuilds/mcupsdk_internal/jenkins/mcu_plus_sdk_am243x_10_00_00_20/source/kernel,43,
45,0x700A5610,0x00009800,HwiP_getIRQ,215,nortos/dpl/r5/HwiP_armv7r_vim.h,/nightlybuilds/mcupsdk_internal/jenkins/mcu_plus_sdk_am243x_10_00_00_20/source/kernel,44,
46,0x700A5612,0xF36F205F,HwiP_getIRQ,215,nortos/dpl/r5/HwiP_armv7r_vim.h,/nightlybuilds/mcupsdk_internal/jenkins/mcu_plus_sdk_am243x_10_00_00_20/source/kernel,45,
47,0x700A5616,0x00009903,HwiP_getIRQ,215,nortos/dpl/r5/HwiP_armv7r_vim.h,/nightlybuilds/mcupsdk_internal/jenkins/mcu_plus_sdk_am243x_10_00_00_20/source/kernel,46,
48,0x700A5618,0x00006008,HwiP_getIRQ,215,nortos/dpl/r5/HwiP_armv7r_vim.h,/nightlybuilds/mcupsdk_internal/jenkins/mcu_plus_sdk_am243x_10_00_00_20/source/kernel,47,
49,0x700A561A,0x00002000,HwiP_getIRQ,215,nortos/dpl/r5/HwiP_armv7r_vim.h,/nightlybuilds/mcupsdk_internal/jenkins/mcu_plus_sdk_am243x_10_00_00_20/source/kernel,48,
50,0x700A561C,0x00009001,HwiP_getIRQ,216,nortos/dpl/r5/HwiP_armv7r_vim.h,/nightlybuilds/mcupsdk_internal/jenkins/mcu_plus_sdk_am243x_10_00_00_20/source/kernel,49,
51,0x700A561E,0x0000E7FF,HwiP_getIRQ,217,nortos/dpl/r5/HwiP_armv7r_vim.h,/nightlybuilds/mcupsdk_internal/jenkins/mcu_plus_sdk_am243x_10_00_00_20/source/kernel,50,
52,0x700A5620,0x00009801,HwiP_getIRQ,218,nortos/dpl/r5/HwiP_armv7r_vim.h,/nightlybuilds/mcupsdk_internal/jenkins/mcu_plus_sdk_am243x_10_00_00_20/source/kernel,51,
53,0x700A5622,0x0000B004,HwiP_getIRQ,218,nortos/dpl/r5/HwiP_armv7r_vim.h,/nightlybuilds/mcupsdk_internal/jenkins/mcu_plus_sdk_am243x_10_00_00_20/source/kernel,52,
54,0x700A5624,0x00004770,HwiP_getIRQ,218,nortos/dpl/r5/HwiP_armv7r_vim.h,/nightlybuilds/mcupsdk_internal/jenkins/mcu_plus_sdk_am243x_10_00_00_20/source/kernel,53,
55,0x700A555A,0x00009005,HwiP_irq_handler_c,125,HwiP_armv7r_handlers_freertos.c,dpl/r5,54,
56,0x700A555C,0x00009805,HwiP_irq_handler_c,126,HwiP_armv7r_handlers_freertos.c,dpl/r5,55,
57,0x700A555E,0x0000BB78,HwiP_irq_handler_c,126,HwiP_armv7r_handlers_freertos.c,dpl/r5,56,
58,0x700A5560,0x0000E7FF,HwiP_irq_handler_c,126,HwiP_armv7r_handlers_freertos.c,dpl/r5,57,
59,0x700A5562,0x00009804,HwiP_irq_handler_c,135,HwiP_armv7r_handlers_freertos.c,dpl/r5,58,
60,0x700A5564,0xF000F864,HwiP_irq_handler_c,135,HwiP_armv7r_handlers_freertos.c,dpl/r5,59,
61,0x700A5630,0x0000B083,HwiP_isPulse,137,nortos/dpl/r5/HwiP_armv7r_vim.h,/nightlybuilds/mcupsdk_internal/jenkins/mcu_plus_sdk_am243x_10_00_00_20/source/kernel,60,
62,0x700A5632,0x00009002,HwiP_isPulse,137,nortos/dpl/r5/HwiP_armv7r_vim.h,/nightlybuilds/mcupsdk_internal/jenkins/mcu_plus_sdk_am243x_10_00_00_20/source/kernel,61,
63,0x700A5634,0xF64740D0,HwiP_isPulse,141,nortos/dpl/r5/HwiP_armv7r_vim.h,/nightlybuilds/mcupsdk_internal/jenkins/mcu_plus_sdk_am243x_10_00_00_20/source/kernel,62,
64,0x700A5638,0xF2C7000A,HwiP_isPulse,141,nortos/dpl/r5/HwiP_armv7r_vim.h,/nightlybuilds/mcupsdk_internal/jenkins/mcu_plus_sdk_am243x_10_00_00_20/source/kernel,63,
65,0x700A563C,0x00006801,HwiP_isPulse,141,nortos/dpl/r5/HwiP_armv7r_vim.h,/nightlybuilds/mcupsdk_internal/jenkins/mcu_plus_sdk_am243x_10_00_00_20/source/kernel,64,
66,0x700A563E,0x00009802,HwiP_isPulse,141,nortos/dpl/r5/HwiP_armv7r_vim.h,/nightlybuilds/mcupsdk_internal/jenkins/mcu_plus_sdk_am243x_10_00_00_20/source/kernel,65,
67,0x700A5640,0xF40070F0,HwiP_isPulse,141,nortos/dpl/r5/HwiP_armv7r_vim.h,/nightlybuilds/mcupsdk_internal/jenkins/mcu_plus_sdk_am243x_10_00_00_20/source/kernel,66,
68,0x700A5644,0x00004408,HwiP_isPulse,141,nortos/dpl/r5/HwiP_armv7r_vim.h,/nightlybuilds/mcupsdk_internal/jenkins/mcu_plus_sdk_am243x_10_00_00_20/source/kernel,67,
69,0x700A5646,0xF200401C,HwiP_isPulse,141,nortos/dpl/r5/HwiP_armv7r_vim.h,/nightlybuilds/mcupsdk_internal/jenkins/mcu_plus_sdk_am243x_10_00_00_20/source/kernel,68,
70,0x700A564A,0x00009001,HwiP_isPulse,141,nortos/dpl/r5/HwiP_armv7r_vim.h,/nightlybuilds/mcupsdk_internal/jenkins/mcu_plus_sdk_am243x_10_00_00_20/source/kernel,69,
71,0x700A564C,0x00009802,HwiP_isPulse,142,nortos/dpl/r5/HwiP_armv7r_vim.h,/nightlybuilds/mcupsdk_internal/jenkins/mcu_plus_sdk_am243x_10_00_00_20/source/kernel,70,
72,0x700A564E,0xF000001F,HwiP_isPulse,142,nortos/dpl/r5/HwiP_armv7r_vim.h,/nightlybuilds/mcupsdk_internal/jenkins/mcu_plus_sdk_am243x_10_00_00_20/source/kernel,71,
73,0x700A5652,0x00009000,HwiP_isPulse,142,nortos/dpl/r5/HwiP_armv7r_vim.h,/nightlybuilds/mcupsdk_internal/jenkins/mcu_plus_sdk_am243x_10_00_00_20/source/kernel,72,
74,0x700A5654,0x00009801,HwiP_isPulse,144,nortos/dpl/r5/HwiP_armv7r_vim.h,/nightlybuilds/mcupsdk_internal/jenkins/mcu_plus_sdk_am243x_10_00_00_20/source/kernel,73,
75,0x700A5656,0x00006800,HwiP_isPulse,144,nortos/dpl/r5/HwiP_armv7r_vim.h,/nightlybuilds/mcupsdk_internal/jenkins/mcu_plus_sdk_am243x_10_00_00_20/source/kernel,74,
76,0x700A5658,0x00009900,HwiP_isPulse,144,nortos/dpl/r5/HwiP_armv7r_vim.h,/nightlybuilds/mcupsdk_internal/jenkins/mcu_plus_sdk_am243x_10_00_00_20/source/kernel,75,
77,0x700A565A,0x000040C8,HwiP_isPulse,144,nortos/dpl/r5/HwiP_armv7r_vim.h,/nightlybuilds/mcupsdk_internal/jenkins/mcu_plus_sdk_am243x_10_00_00_20/source/kernel,76,
78,0x700A565C,0xF0000001,HwiP_isPulse,144,nortos/dpl/r5/HwiP_armv7r_vim.h,/nightlybuilds/mcupsdk_internal/jenkins/mcu_plus_sdk_am243x_10_00_00_20/source/kernel,77,
79,0x700A5660,0x0000B003,HwiP_isPulse,144,nortos/dpl/r5/HwiP_armv7r_vim.h,/nightlybuilds/mcupsdk_internal/jenkins/mcu_plus_sdk_am243x_10_00_00_20/source/kernel,78,
80,0x700A5662,0x00004770,HwiP_isPulse,144,nortos/dpl/r5/HwiP_armv7r_vim.h,/nightlybuilds/mcupsdk_internal/jenkins/mcu_plus_sdk_am243x_10_00_00_20/source/kernel,79,
81,0x700A5568,0x00009003,HwiP_irq_handler_c,135,HwiP_armv7r_handlers_freertos.c,dpl/r5,80,
82,0x700A556A,0x00009803,HwiP_irq_handler_c,139,HwiP_armv7r_handlers_freertos.c,dpl/r5,81,
83,0x700A556C,0x0000B120,HwiP_irq_handler_c,139,HwiP_armv7r_handlers_freertos.c,dpl/r5,82,
84,0x700A556E,0x0000E7FF,HwiP_irq_handler_c,139,HwiP_armv7r_handlers_freertos.c,dpl/r5,83,
85,0x700A5570,0x00009804,HwiP_irq_handler_c,141,HwiP_armv7r_handlers_freertos.c,dpl/r5,84,
86,0x700A5572,0xF7FFFD6D,HwiP_irq_handler_c,141,HwiP_armv7r_handlers_freertos.c,dpl/r5,85,
87,0x700A5050,0x0000B083,HwiP_clearInt,105,HwiP_armv7r_vim.c,../nortos/dpl/r5,86,
88,0x700A5052,0x00009002,HwiP_clearInt,105,HwiP_armv7r_vim.c,../nortos/dpl/r5,87,
89,0x700A5054,0xF64740D0,HwiP_clearInt,109,HwiP_armv7r_vim.c,../nortos/dpl/r5,88,
90,0x700A5058,0xF2C7000A,HwiP_clearInt,109,HwiP_armv7r_vim.c,../nortos/dpl/r5,89,
91,0x700A505C,0x00006801,HwiP_clearInt,109,HwiP_armv7r_vim.c,../nortos/dpl/r5,90,
92,0x700A505E,0x00009802,HwiP_clearInt,109,HwiP_armv7r_vim.c,../nortos/dpl/r5,91,
93,0x700A5060,0xF40070F0,HwiP_clearInt,109,HwiP_armv7r_vim.c,../nortos/dpl/r5,92,
94,0x700A5B00,0xE10F0000,n/a,,n/a,n/a,93,
95,0x700A5B04,0xE3C0C080,n/a,,n/a,n/a,94,
96,0x700A5B08,0xE129F00C,n/a,,n/a,n/a,95,
97,0x700A5B0C,0xE12FFF1E,n/a,,n/a,n/a,96,
98,0x700A5598,0x00009802,HwiP_irq_handler_c,152,HwiP_armv7r_handlers_freertos.c,dpl/r5,97,
99,0x700A559A,0x0000B120,HwiP_irq_handler_c,152,HwiP_armv7r_handlers_freertos.c,dpl/r5,98,
100,0x700A559C,0x0000E7FF,HwiP_irq_handler_c,152,HwiP_armv7r_handlers_freertos.c,dpl/r5,99,
101,0x700A559E,0x00009902,HwiP_irq_handler_c,154,HwiP_armv7r_handlers_freertos.c,dpl/r5,100,
102,0x700A55A0,0x00009801,HwiP_irq_handler_c,154,HwiP_armv7r_handlers_freertos.c,dpl/r5,101,
103,0x700A55A2,0x00004788,HwiP_irq_handler_c,154,HwiP_armv7r_handlers_freertos.c,dpl/r5,102,
104,0x700A3EF0,0x0000B580,ClockP_timerTickIsr,51,ClockP_freertos.c,dpl/common,103,
105,0x700A3EF2,0x0000B082,ClockP_timerTickIsr,51,ClockP_freertos.c,dpl/common,104,
106,0x700A3EF4,0x00009001,ClockP_timerTickIsr,51,ClockP_freertos.c,dpl/common,105,
107,0x700A3EF6,0xF24301A0,ClockP_timerTickIsr,55,ClockP_freertos.c,dpl/common,106,
108,0x700A3EFA,0xF2C70108,ClockP_timerTickIsr,55,ClockP_freertos.c,dpl/common,107,
109,0x700A3EFE,0x0000680A,ClockP_timerTickIsr,55,ClockP_freertos.c,dpl/common,108,
110,0x700A3F00,0x00006848,ClockP_timerTickIsr,55,ClockP_freertos.c,dpl/common,109,
111,0x700A3F02,0x00003201,ClockP_timerTickIsr,55,ClockP_freertos.c,dpl/common,110,
112,0x700A3F04,0xF1400000,ClockP_timerTickIsr,55,ClockP_freertos.c,dpl/common,111,
113,0x700A3F08,0x0000600A,ClockP_timerTickIsr,55,ClockP_freertos.c,dpl/common,112,
114,0x700A3F0A,0x00006048,ClockP_timerTickIsr,55,ClockP_freertos.c,dpl/common,113,
115,0x700A3F0C,0xF7FFFFB8,ClockP_timerTickIsr,57,ClockP_freertos.c,dpl/common,114,
116,0x700A3E80,0x0000B580,vPortTimerTickHandler,251,port.c,portable/TI_ARM_CLANG/ARM_CR5F,115,
117,0x700A3E82,0xF000F8B5,vPortTimerTickHandler,253,port.c,portable/TI_ARM_CLANG/ARM_CR5F,116,
118,0x700A3FF0,0x0000B672,vDisableInterruptPriority,4333,tasks.c,FreeRTOS-Kernel,117,
119,0x700A3FF2,0xF647501C,n/a,4336,n/a,n/a,118,
120,0x700A3FF6,0xF2C7000A,n/a,4336,n/a,n/a,119,
121,0x700A3FFA,0x00006800,n/a,4336,n/a,n/a,120,
122,0x700A3FFC,0x0000B178,n/a,4336,n/a,n/a,121,
123,0x700A3FFE,0x0000E7FF,n/a,4336,n/a,n/a,122,
124,0x700A4000,0xF64740DC,n/a,4338,n/a,n/a,123,
125,0x700A4004,0xF2C7000A,n/a,4338,n/a,n/a,124,
126,0x700A4008,0x00006802,n/a,4338,n/a,n/a,125,
127,0x700A400A,0x00006D51,n/a,4338,n/a,n/a,126,
128,0x700A400C,0x00003101,n/a,4338,n/a,n/a,127,
129,0x700A400E,0x00006551,n/a,4338,n/a,n/a,128,
130,0x700A4010,0x00006800,n/a,4346,n/a,n/a,129,
131,0x700A4012,0x00006D40,n/a,4346,n/a,n/a,130,
132,0x700A4014,0x00002801,n/a,4346,n/a,n/a,131,
133,0x700A4016,0x0000D101,n/a,4346,n/a,n/a,132,
134,0x700A4018,0x0000E7FF,n/a,4346,n/a,n/a,133,
135,0x700A401A,0x0000E7FF,n/a,4349,n/a,n/a,134,
136,0x700A401C,0x0000E000,n/a,4350,n/a,n/a,135,
137,0x700A4020,0x00004770,n/a,4355,n/a,n/a,136,
138,0x700A3E86,0xF64740E4,vPortTimerTickHandler,255,port.c,portable/TI_ARM_CLANG/ARM_CR5F,137,
139,0x700A3E8A,0xF2C7000A,vPortTimerTickHandler,255,port.c,portable/TI_ARM_CLANG/ARM_CR5F,138,
140,0x700A3E8E,0x00006800,vPortTimerTickHandler,255,port.c,portable/TI_ARM_CLANG/ARM_CR5F,139,
141,0x700A3E90,0x00002801,vPortTimerTickHandler,255,port.c,portable/TI_ARM_CLANG/ARM_CR5F,140,
142,0x700A3E92,0x0000D10C,vPortTimerTickHandler,255,port.c,portable/TI_ARM_CLANG/ARM_CR5F,141,
143,0x700A3E94,0x0000E7FF,vPortTimerTickHandler,255,port.c,portable/TI_ARM_CLANG/ARM_CR5F,142,
144,0x700A3E96,0xF7F7FDCB,vPortTimerTickHandler,258,port.c,portable/TI_ARM_CLANG/ARM_CR5F,143,
145,0x7009BA30,0x0000B580,xTaskIncrementTick,2726,tasks.c,FreeRTOS-Kernel,144,
146,0x7009BA32,0x0000B088,xTaskIncrementTick,2726,tasks.c,FreeRTOS-Kernel,145,
147,0x7009BA34,0x00002000,xTaskIncrementTick,2726,tasks.c,FreeRTOS-Kernel,146,
148,0x7009BA36,0x00009005,xTaskIncrementTick,2729,tasks.c,FreeRTOS-Kernel,147,
149,0x7009BA38,0xF6475000,xTaskIncrementTick,2736,tasks.c,FreeRTOS-Kernel,148,
150,0x7009BA3C,0xF2C7000A,xTaskIncrementTick,2736,tasks.c,FreeRTOS-Kernel,149,
151,0x7009BA40,0x00006800,xTaskIncrementTick,2736,tasks.c,FreeRTOS-Kernel,150,
152,0x7009BA42,0x00002800,xTaskIncrementTick,2736,tasks.c,FreeRTOS-Kernel,151,
153,0x7009BA44,0xF04080BC,xTaskIncrementTick,2736,tasks.c,FreeRTOS-Kernel,152,
154,0x7009BA48,0x0000E7FF,xTaskIncrementTick,2736,tasks.c,FreeRTOS-Kernel,153,
155,0x7009BA4A,0xF6475120,xTaskIncrementTick,2740,tasks.c,FreeRTOS-Kernel,154,
156,0x7009BA4E,0xF2C7010A,xTaskIncrementTick,2740,tasks.c,FreeRTOS-Kernel,155,
157,0x7009BA52,0x00006808,xTaskIncrementTick,2740,tasks.c,FreeRTOS-Kernel,156,
158,0x7009BA54,0x00003001,xTaskIncrementTick,2740,tasks.c,FreeRTOS-Kernel,157,
159,0x7009BA56,0x00009004,xTaskIncrementTick,2740,tasks.c,FreeRTOS-Kernel,158,
160,0x7009BA58,0x00009804,xTaskIncrementTick,2744,tasks.c,FreeRTOS-Kernel,159,
161,0x7009BA5A,0x00006008,xTaskIncrementTick,2744,tasks.c,FreeRTOS-Kernel,160,
162,0x7009BA5C,0x00009804,xTaskIncrementTick,2746,tasks.c,FreeRTOS-Kernel,161,
163,0x7009BA5E,0x0000BB88,xTaskIncrementTick,2746,tasks.c,FreeRTOS-Kernel,162,
164,0x7009BA60,0x0000E7FF,xTaskIncrementTick,2746,tasks.c,FreeRTOS-Kernel,163,
165,0x7009BA62,0xF24310C0,xTaskIncrementTick,2748,tasks.c,FreeRTOS-Kernel,164,
166,0x7009BA66,0xF2C70008,xTaskIncrementTick,2748,tasks.c,FreeRTOS-Kernel,165,
167,0x7009BA6A,0x00009002,xTaskIncrementTick,2748,tasks.c,FreeRTOS-Kernel,166,
168,0x7009BA6C,0x00006800,xTaskIncrementTick,2748,tasks.c,FreeRTOS-Kernel,167,
169,0x7009BA6E,0x00006800,xTaskIncrementTick,2748,tasks.c,FreeRTOS-Kernel,168,
170,0x7009BA70,0xFAB0F080,xTaskIncrementTick,2748,tasks.c,FreeRTOS-Kernel,169,
171,0x7009BA74,0x00000940,xTaskIncrementTick,2748,tasks.c,FreeRTOS-Kernel,170,
172,0x7009BA76,0xF2467151,xTaskIncrementTick,2748,tasks.c,FreeRTOS-Kernel,171,
173,0x7009BA7A,0xF2C7010A,xTaskIncrementTick,2748,tasks.c,FreeRTOS-Kernel,172,
174,0x7009BA7E,0x0000466A,xTaskIncrementTick,2748,tasks.c,FreeRTOS-Kernel,173,
175,0x7009BA80,0x00006011,xTaskIncrementTick,2748,tasks.c,FreeRTOS-Kernel,174,
176,0x7009BA82,0xF247518B,xTaskIncrementTick,2748,tasks.c,FreeRTOS-Kernel,175,
177,0x7009BA86,0xF2C7010A,xTaskIncrementTick,2748,tasks.c,FreeRTOS-Kernel,176,
178,0x7009BA8A,0xF2477297,xTaskIncrementTick,2748,tasks.c,FreeRTOS-Kernel,177,
179,0x7009BA8E,0xF2C7020A,xTaskIncrementTick,2748,tasks.c,FreeRTOS-Kernel,178,
180,0x700A3E9A,0x0000B138,vPortTimerTickHandler,258,port.c,portable/TI_ARM_CLANG/ARM_CR5F,179,
181,0x700A3E9C,0x0000E7FF,vPortTimerTickHandler,258,port.c,portable/TI_ARM_CLANG/ARM_CR5F,180,
182,0x700A3E9E,0xF64741EC,vPortTimerTickHandler,260,port.c,portable/TI_ARM_CLANG/ARM_CR5F,181,
183,0x700A3EA2,0xF2C7010A,vPortTimerTickHandler,260,port.c,portable/TI_ARM_CLANG/ARM_CR5F,182,
184,0x700A3EA6,0x00002001,vPortTimerTickHandler,260,port.c,portable/TI_ARM_CLANG/ARM_CR5F,183,
185,0x700A3EA8,0x00006008,vPortTimerTickHandler,260,port.c,portable/TI_ARM_CLANG/ARM_CR5F,184,
186,0x700A3EAA,0x0000E7FF,vPortTimerTickHandler,261,port.c,portable/TI_ARM_CLANG/ARM_CR5F,185,
187,0x700A3EAC,0x0000E7FF,vPortTimerTickHandler,262,port.c,portable/TI_ARM_CLANG/ARM_CR5F,186,
188,0x700A3EAE,0xF7FFFBFF,vPortTimerTickHandler,265,port.c,portable/TI_ARM_CLANG/ARM_CR5F,187,
189,0x700A36B0,0xF647501C,n/a,4364,n/a,n/a,188,
190,0x700A36B4,0xF2C7000A,n/a,4364,n/a,n/a,189,
191,0x700A36B8,0x00006800,n/a,4364,n/a,n/a,190,
192,0x700A36BA,0x0000B1D0,n/a,4364,n/a,n/a,191,
193,0x700A36BC,0x0000E7FF,n/a,4364,n/a,n/a,192,
194,0x700A36BE,0xF64740DC,n/a,4366,n/a,n/a,193,
195,0x700A36C2,0xF2C7000A,n/a,4366,n/a,n/a,194,
196,0x700A36C6,0x00006800,n/a,4366,n/a,n/a,195,
197,0x700A36C8,0x00006D40,n/a,4366,n/a,n/a,196,
198,0x700A36CA,0x0000B180,n/a,4366,n/a,n/a,197,
199,0x700A36CC,0x0000E7FF,n/a,4366,n/a,n/a,198,
200,0x700A36CE,0xF64740DC,n/a,4368,n/a,n/a,199,
201,0x700A36D2,0xF2C7000A,n/a,4368,n/a,n/a,200,
202,0x700A36D6,0x00006802,n/a,4368,n/a,n/a,201,
203,0x700A36D8,0x00006D51,n/a,4368,n/a,n/a,202,
204,0x700A36DA,0x00003901,n/a,4368,n/a,n/a,203,
205,0x700A36DC,0x00006551,n/a,4368,n/a,n/a,204,
206,0x700A36DE,0x00006800,n/a,4370,n/a,n/a,205,
207,0x700A36E0,0x00006D40,n/a,4370,n/a,n/a,206,
208,0x700A36E2,0x0000B910,n/a,4370,n/a,n/a,207,
209,0x700A3EB2,0x0000BD80,vPortTimerTickHandler,266,port.c,portable/TI_ARM_CLANG/ARM_CR5F,208,
210,0x700A3F10,0xF6474028,ClockP_timerTickIsr,59,ClockP_freertos.c,dpl/common,209,
211,0x700A3F14,0xF2C7000A,ClockP_timerTickIsr,59,ClockP_freertos.c,dpl/common,210,
212,0x700A3F18,0x00006800,ClockP_timerTickIsr,59,ClockP_freertos.c,dpl/common,211,
213,0x700A3F1A,0xF000FF61,ClockP_timerTickIsr,59,ClockP_freertos.c,dpl/common,212,
214,0x700A4DE0,0x0000B580,ClockP_timerClearOverflowInt,37,ClockP_freertos_r5.c,dpl/r5,213,
215,0x700A4DE2,0x0000B082,ClockP_timerClearOverflowInt,37,ClockP_freertos_r5.c,dpl/r5,214,
216,0x700A4DE4,0x00009001,ClockP_timerClearOverflowInt,37,ClockP_freertos_r5.c,dpl/r5,215,
217,0x700A4DE6,0x00009801,ClockP_timerClearOverflowInt,38,ClockP_freertos_r5.c,dpl/r5,216,
218,0x700A4DE8,0xF7FFFAC2,ClockP_timerClearOverflowInt,38,ClockP_freertos_r5.c,dpl/r5,217,
219,0x700A4370,0x0000B083,TimerP_clearOverflowInt,181,TimerP.c,../nortos/dpl/common,218,
220,0x700A4372,0x00009002,TimerP_clearOverflowInt,181,TimerP.c,../nortos/dpl/common,219,
221,0x700A4374,0x00002002,TimerP_clearOverflowInt,181,TimerP.c,../nortos/dpl/common,220,
222,0x700A4376,0x00009000,TimerP_clearOverflowInt,183,TimerP.c,../nortos/dpl/common,221,
223,0x700A4378,0x00009802,TimerP_clearOverflowInt,186,TimerP.c,../nortos/dpl/common,222,
224,0x700A437A,0x00003028,TimerP_clearOverflowInt,186,TimerP.c,../nortos/dpl/common,223,
225,0x700A437C,0x00009001,TimerP_clearOverflowInt,186,TimerP.c,../nortos/dpl/common,224,
226,0x700A437E,0x00009800,TimerP_clearOverflowInt,187,TimerP.c,../nortos/dpl/common,225,
227,0x700A4380,0x00009901,TimerP_clearOverflowInt,187,TimerP.c,../nortos/dpl/common,226,
228,0x700A4382,0x00006008,TimerP_clearOverflowInt,187,TimerP.c,../nortos/dpl/common,227,
229,0x700A4384,0x00009801,TimerP_clearOverflowInt,191,TimerP.c,../nortos/dpl/common,228,
230,0x700A4386,0x00006800,TimerP_clearOverflowInt,191,TimerP.c,../nortos/dpl/common,229,
231,0x700A4388,0x00009900,TimerP_clearOverflowInt,191,TimerP.c,../nortos/dpl/common,230,
232,0x700A438A,0x00004208,TimerP_clearOverflowInt,191,TimerP.c,../nortos/dpl/common,231,
233,0x700A438C,0x0000D004,TimerP_clearOverflowInt,191,TimerP.c,../nortos/dpl/common,232,
234,0x700A4398,0x0000B003,TimerP_clearOverflowInt,202,TimerP.c,../nortos/dpl/common,233,
235,0x700A439A,0x00004770,TimerP_clearOverflowInt,202,TimerP.c,../nortos/dpl/common,234,
236,0x700A4DEC,0x0000B002,ClockP_timerClearOverflowInt,39,ClockP_freertos_r5.c,dpl/r5,235,
237,0x700A4DEE,0x0000BD80,ClockP_timerClearOverflowInt,39,ClockP_freertos_r5.c,dpl/r5,236,
238,0x700A3F1E,0x0000B002,ClockP_timerTickIsr,60,ClockP_freertos.c,dpl/common,237,
239,0x700A3F20,0x0000BD80,ClockP_timerTickIsr,60,ClockP_freertos.c,dpl/common,238,
240,0x700A55A4,0x0000E7FF,HwiP_irq_handler_c,155,HwiP_armv7r_handlers_freertos.c,dpl/r5,239,
241,0x700A55A6,0xF000EA9C,HwiP_irq_handler_c,158,HwiP_armv7r_handlers_freertos.c,dpl/r5,240,
242,0x700A5AE0,0xE10F0000,n/a,,n/a,n/a,241,
243,0x700A5AE4,0xE380C080,n/a,,n/a,n/a,242,
244,0x700A5AE8,0xE129F00C,n/a,,n/a,n/a,243,
245,0x700A5AEC,0xE12FFF1E,n/a,,n/a,n/a,244,
246,0x700A55AA,0x00009803,HwiP_irq_handler_c,160,HwiP_armv7r_handlers_freertos.c,dpl/r5,245,
247,0x700A55AC,0x0000B920,HwiP_irq_handler_c,160,HwiP_armv7r_handlers_freertos.c,dpl/r5,246,
248,0x700A55AE,0x0000E7FF,HwiP_irq_handler_c,160,HwiP_armv7r_handlers_freertos.c,dpl/r5,247,
249,0x700A55B0,0x00009804,HwiP_irq_handler_c,162,HwiP_armv7r_handlers_freertos.c,dpl/r5,248,
250,0x700A55B2,0xF7FFFD4D,HwiP_irq_handler_c,162,HwiP_armv7r_handlers_freertos.c,dpl/r5,249,
251,0x700A5050,0x0000B083,HwiP_clearInt,105,HwiP_armv7r_vim.c,../nortos/dpl/r5,250,
252,0x700A5052,0x00009002,HwiP_clearInt,105,HwiP_armv7r_vim.c,../nortos/dpl/r5,251,
253,0x700A5054,0xF64740D0,HwiP_clearInt,109,HwiP_armv7r_vim.c,../nortos/dpl/r5,252,
254,0x700A5058,0xF2C7000A,HwiP_clearInt,109,HwiP_armv7r_vim.c,../nortos/dpl/r5,253,
255,0x700A505C,0x00006801,HwiP_clearInt,109,HwiP_armv7r_vim.c,../nortos/dpl/r5,254,
256,0x700A505E,0x00009802,HwiP_clearInt,109,HwiP_armv7r_vim.c,../nortos/dpl/r5,255,
257,0x700A5060,0xF40070F0,HwiP_clearInt,109,HwiP_armv7r_vim.c,../nortos/dpl/r5,256,
258,0x700A5064,0x00004408,HwiP_clearInt,109,HwiP_armv7r_vim.c,../nortos/dpl/r5,257,
259,0x700A5066,0xF2004004,HwiP_clearInt,109,HwiP_armv7r_vim.c,../nortos/dpl/r5,258,
260,0x700A506A,0x00009001,HwiP_clearInt,109,HwiP_armv7r_vim.c,../nortos/dpl/r5,259,
261,0x700A506C,0x00009802,HwiP_clearInt,110,HwiP_armv7r_vim.c,../nortos/dpl/r5,260,
262,0x700A506E,0xF000001F,HwiP_clearInt,110,HwiP_armv7r_vim.c,../nortos/dpl/r5,261,
263,0x700A5072,0x00009000,HwiP_clearInt,110,HwiP_armv7r_vim.c,../nortos/dpl/r5,262,
264,0x700A5074,0x00009900,HwiP_clearInt,112,HwiP_armv7r_vim.c,../nortos/dpl/r5,263,
265,0x700A5076,0x00002001,HwiP_clearInt,112,HwiP_armv7r_vim.c,../nortos/dpl/r5,264,
266,0x700A5078,0x00004088,HwiP_clearInt,112,HwiP_armv7r_vim.c,../nortos/dpl/r5,265,
267,0x700A507A,0x00009901,HwiP_clearInt,112,HwiP_armv7r_vim.c,../nortos/dpl/r5,266,
268,0x700A507C,0x00006008,HwiP_clearInt,112,HwiP_armv7r_vim.c,../nortos/dpl/r5,267,
269,0x700A507E,0x0000B003,HwiP_clearInt,113,HwiP_armv7r_vim.c,../nortos/dpl/r5,268,
270,0x700A5080,0x00004770,HwiP_clearInt,113,HwiP_armv7r_vim.c,../nortos/dpl/r5,269,
271,0x700A55B6,0x0000E7FF,HwiP_irq_handler_c,163,HwiP_armv7r_handlers_freertos.c,dpl/r5,270,
272,0x700A55B8,0x00009804,HwiP_irq_handler_c,164,HwiP_armv7r_handlers_freertos.c,dpl/r5,271,
273,0x700A55BA,0xF000F859,HwiP_irq_handler_c,164,HwiP_armv7r_handlers_freertos.c,dpl/r5,272,
274,0x700A5670,0x0000B082,HwiP_ackIRQ,241,nortos/dpl/r5/HwiP_armv7r_vim.h,/nightlybuilds/mcupsdk_internal/jenkins/mcu_plus_sdk_am243x_10_00_00_20/source/kernel,273,
275,0x700A5672,0x00009001,HwiP_ackIRQ,241,nortos/dpl/r5/HwiP_armv7r_vim.h,/nightlybuilds/mcupsdk_internal/jenkins/mcu_plus_sdk_am243x_10_00_00_20/source/kernel,274,
276,0x700A5674,0xF64740D0,HwiP_ackIRQ,244,nortos/dpl/r5/HwiP_armv7r_vim.h,/nightlybuilds/mcupsdk_internal/jenkins/mcu_plus_sdk_am243x_10_00_00_20/source/kernel,275,
277,0x700A5678,0xF2C7000A,HwiP_ackIRQ,244,nortos/dpl/r5/HwiP_armv7r_vim.h,/nightlybuilds/mcupsdk_internal/jenkins/mcu_plus_sdk_am243x_10_00_00_20/source/kernel,276,
278,0x700A567C,0x00006800,HwiP_ackIRQ,244,nortos/dpl/r5/HwiP_armv7r_vim.h,/nightlybuilds/mcupsdk_internal/jenkins/mcu_plus_sdk_am243x_10_00_00_20/source/kernel,277,
279,0x700A567E,0x00003018,HwiP_ackIRQ,244,nortos/dpl/r5/HwiP_armv7r_vim.h,/nightlybuilds/mcupsdk_internal/jenkins/mcu_plus_sdk_am243x_10_00_00_20/source/kernel,278,
280,0x700A5680,0x00009000,HwiP_ackIRQ,244,nortos/dpl/r5/HwiP_armv7r_vim.h,/nightlybuilds/mcupsdk_internal/jenkins/mcu_plus_sdk_am243x_10_00_00_20/source/kernel,279,
281,0x700A5682,0x00009801,HwiP_ackIRQ,245,nortos/dpl/r5/HwiP_armv7r_vim.h,/nightlybuilds/mcupsdk_internal/jenkins/mcu_plus_sdk_am243x_10_00_00_20/source/kernel,280,
282,0x700A5684,0x00009900,HwiP_ackIRQ,245,nortos/dpl/r5/HwiP_armv7r_vim.h,/nightlybuilds/mcupsdk_internal/jenkins/mcu_plus_sdk_am243x_10_00_00_20/source/kernel,281,
283,0x700A5686,0x00006008,HwiP_ackIRQ,245,nortos/dpl/r5/HwiP_armv7r_vim.h,/nightlybuilds/mcupsdk_internal/jenkins/mcu_plus_sdk_am243x_10_00_00_20/source/kernel,282,
284,0x700A5688,0x0000B002,HwiP_ackIRQ,246,nortos/dpl/r5/HwiP_armv7r_vim.h,/nightlybuilds/mcupsdk_internal/jenkins/mcu_plus_sdk_am243x_10_00_00_20/source/kernel,283,
285,0x700A568A,0x00004770,HwiP_ackIRQ,246,nortos/dpl/r5/HwiP_armv7r_vim.h,/nightlybuilds/mcupsdk_internal/jenkins/mcu_plus_sdk_am243x_10_00_00_20/source/kernel,284,
286,0x700A55BE,0x0000E00C,HwiP_irq_handler_c,172,HwiP_armv7r_handlers_freertos.c,dpl/r5,285,
287,0x700A55DA,0x0000B006,HwiP_irq_handler_c,179,HwiP_armv7r_handlers_freertos.c,dpl/r5,286,
288,0x700A55DC,0x0000BD80,HwiP_irq_handler_c,179,HwiP_armv7r_handlers_freertos.c,dpl/r5,287,
289,0x700A59E8,0xE8BD401F,n/a,,n/a,n/a,288,
290,0x700A59EC,0xE08DD002,n/a,,n/a,n/a,289,
291,0x700A59F0,0xF10C0080,n/a,,n/a,n/a,290,
292,0x700A59F4,0xF57FF04F,n/a,,n/a,n/a,291,
293,0x700A59F8,0xF57FF06F,n/a,,n/a,n/a,292,
294,0x700A59FC,0xE49D0004,n/a,,n/a,n/a,293,
295,0x700A5A00,0xECBD0B20,n/a,,n/a,n/a,294,
296,0x700A5A04,0xEEE10A10,n/a,,n/a,n/a,295,
297,0x700A5A08,0xE5831000,n/a,,n/a,n/a,296,
298,0x700A5A0C,0xE3510000,n/a,,n/a,n/a,297,
299,0x700A5A10,0x1A000003,n/a,,n/a,n/a,298,
300,0x700A5A14,0xE59F10C0,n/a,,n/a,n/a,299,
301,0x700A5A18,0xE5910000,n/a,,n/a,n/a,300,
302,0x700A5A1C,0xE3500000,n/a,,n/a,n/a,301,
303,0x700A5A20,0x1A000005,n/a,,n/a,n/a,302,
304,0x700A5A24,0xE8BD101F,n/a,,n/a,n/a,303,
305,0x700A5A28,0xF1020012,n/a,,n/a,n/a,304,
306,0x700A5A2C,0xE49DE004,n/a,,n/a,n/a,305,
307,0x700A5A30,0xE16FF00E,n/a,,n/a,n/a,306,
308,0x700A5A34,0xE49DE004,n/a,,n/a,n/a,307,
309,0x700A5A38,0xE1B0F00E,n/a,,n/a,n/a,308,
310,0x700A3C98,0xF000FEA2,tm_synchronization_processing_thread_0_entry,104,tm_synchronization_processing_test.c,..,309,
311,0x700A49E0,0x0000B580,tm_semaphore_get,214,tm_porting_layer_freertos.c,..,310,
312,0x700A49E2,0xF24311D4,tm_semaphore_get,217,tm_porting_layer_freertos.c,..,311,
313,0x700A49E6,0xF2C70108,tm_semaphore_get,217,tm_porting_layer_freertos.c,..,312,
314,0x700A49EA,0xF8510020,tm_semaphore_get,217,tm_porting_layer_freertos.c,..,313,
315,0x700A49EE,0x00002100,tm_semaphore_get,217,tm_porting_layer_freertos.c,..,314,
316,0x700A49F0,0xF7F5FECE,tm_semaphore_get,217,tm_porting_layer_freertos.c,..,315,
317,0x7009A790,0x0000B580,xQueueSemaphoreTake,1463,queue.c,FreeRTOS-Kernel,316,
318,0x7009A792,0x0000B090,xQueueSemaphoreTake,1463,queue.c,FreeRTOS-Kernel,317,
319,0x7009A794,0x0000900E,xQueueSemaphoreTake,1463,queue.c,FreeRTOS-Kernel,318,
320,0x7009A796,0x0000910D,xQueueSemaphoreTake,1463,queue.c,FreeRTOS-Kernel,319,
321,0x7009A798,0x00002000,xQueueSemaphoreTake,1463,queue.c,FreeRTOS-Kernel,320,
322,0x7009A79A,0x00009004,xQueueSemaphoreTake,1464,queue.c,FreeRTOS-Kernel,321,
323,0x7009A79C,0x0000900C,xQueueSemaphoreTake,1464,queue.c,FreeRTOS-Kernel,322,
324,0x7009A79E,0x0000990E,xQueueSemaphoreTake,1466,queue.c,FreeRTOS-Kernel,323,
325,0x7009A7A0,0x00009109,xQueueSemaphoreTake,1466,queue.c,FreeRTOS-Kernel,324,
326,0x7009A7A2,0x00009008,xQueueSemaphoreTake,1469,queue.c,FreeRTOS-Kernel,325,
327,0x7009A7A4,0x00009809,xQueueSemaphoreTake,1473,queue.c,FreeRTOS-Kernel,326,
328,0x7009A7A6,0xF2475143,xQueueSemaphoreTake,1473,queue.c,FreeRTOS-Kernel,327,
329,0x7009A7AA,0xF2C7010A,xQueueSemaphoreTake,1473,queue.c,FreeRTOS-Kernel,328,
330,0x7009A7AE,0x0000466A,xQueueSemaphoreTake,1473,queue.c,FreeRTOS-Kernel,329,
331,0x7009A7B0,0x00006011,xQueueSemaphoreTake,1473,queue.c,FreeRTOS-Kernel,330,
332,0x7009A7B2,0xF2475173,xQueueSemaphoreTake,1473,queue.c,FreeRTOS-Kernel,331,
333,0x7009A7B6,0xF2C7010A,xQueueSemaphoreTake,1473,queue.c,FreeRTOS-Kernel,332,
334,0x7009A7BA,0x00009102,xQueueSemaphoreTake,1473,queue.c,FreeRTOS-Kernel,333,
335,0x7009A7BC,0xF24762E7,xQueueSemaphoreTake,1473,queue.c,FreeRTOS-Kernel,334,
336,0x7009A7C0,0xF2C7020A,xQueueSemaphoreTake,1473,queue.c,FreeRTOS-Kernel,335,
337,0x7009A7C4,0x00009203,xQueueSemaphoreTake,1473,queue.c,FreeRTOS-Kernel,336,
338,0x7009A7C6,0xF24053C1,xQueueSemaphoreTake,1473,queue.c,FreeRTOS-Kernel,337,
339,0x7009A7CA,0xF007FD59,xQueueSemaphoreTake,1473,queue.c,FreeRTOS-Kernel,338,
340,0x700A2280,0x0000B5B0,_DebugP_assert,91,DebugP_log.c,../nortos/dpl/common,339,
341,0x700A2282,0x0000B08E,_DebugP_assert,91,DebugP_log.c,../nortos/dpl/common,340,
342,0x700A2284,0xF8DDC048,_DebugP_assert,91,DebugP_log.c,../nortos/dpl/common,341,
343,0x700A2288,0x0000900D,_DebugP_assert,91,DebugP_log.c,../nortos/dpl/common,342,
344,0x700A228A,0x0000910C,_DebugP_assert,91,DebugP_log.c,../nortos/dpl/common,343,
345,0x700A228C,0x0000920B,_DebugP_assert,91,DebugP_log.c,../nortos/dpl/common,344,
346,0x700A228E,0x0000930A,_DebugP_assert,91,DebugP_log.c,../nortos/dpl/common,345,
347,0x700A2290,0x0000980D,_DebugP_assert,92,DebugP_log.c,../nortos/dpl/common,346,
348,0x700A2292,0x0000BB88,_DebugP_assert,92,DebugP_log.c,../nortos/dpl/common,347,
349,0x700A2294,0x0000E7FF,_DebugP_assert,92,DebugP_log.c,../nortos/dpl/common,348,
350,0x700A2296,0x00002001,_DebugP_assert,0,DebugP_log.c,../nortos/dpl/common,349,
351,0x7009A7CE,0x00009902,xQueueSemaphoreTake,1473,queue.c,FreeRTOS-Kernel,350,
352,0x7009A7D0,0x00009A03,xQueueSemaphoreTake,1473,queue.c,FreeRTOS-Kernel,351,
353,0x7009A7D2,0x00009809,xQueueSemaphoreTake,1477,queue.c,FreeRTOS-Kernel,352,
354,0x7009A7D4,0x00006C00,xQueueSemaphoreTake,1477,queue.c,FreeRTOS-Kernel,353,
355,0x7009A7D6,0xFAB0F080,xQueueSemaphoreTake,1477,queue.c,FreeRTOS-Kernel,354,
356,0x7009A7DA,0x00000940,xQueueSemaphoreTake,1477,queue.c,FreeRTOS-Kernel,355,
357,0x7009A7DC,0xF24703E5,xQueueSemaphoreTake,1477,queue.c,FreeRTOS-Kernel,356,
358,0x7009A7E0,0xF2C7030A,xQueueSemaphoreTake,1477,queue.c,FreeRTOS-Kernel,357,
359,0x7009A7E4,0x000046EC,xQueueSemaphoreTake,1477,queue.c,FreeRTOS-Kernel,358,
360,0x7009A7E6,0xF8CC3000,xQueueSemaphoreTake,1477,queue.c,FreeRTOS-Kernel,359,
361,0x7009A7EA,0xF24053C5,xQueueSemaphoreTake,1477,queue.c,FreeRTOS-Kernel,360,
362,0x7009A7EE,0xF007FD47,xQueueSemaphoreTake,1477,queue.c,FreeRTOS-Kernel,361,
363,0x700A2280,0x0000B5B0,_DebugP_assert,91,DebugP_log.c,../nortos/dpl/common,362,
364,0x700A2282,0x0000B08E,_DebugP_assert,91,DebugP_log.c,../nortos/dpl/common,363,
365,0x700A2284,0xF8DDC048,_DebugP_assert,91,DebugP_log.c,../nortos/dpl/common,364,
366,0x700A2288,0x0000900D,_DebugP_assert,91,DebugP_log.c,../nortos/dpl/common,365,
367,0x700A228A,0x0000910C,_DebugP_assert,91,DebugP_log.c,../nortos/dpl/common,366,
368,0x700A228C,0x0000920B,_DebugP_assert,91,DebugP_log.c,../nortos/dpl/common,367,
369,0x700A228E,0x0000930A,_DebugP_assert,91,DebugP_log.c,../nortos/dpl/common,368,
370,0x700A2290,0x0000980D,_DebugP_assert,92,DebugP_log.c,../nortos/dpl/common,369,
371,0x700A2292,0x0000BB88,_DebugP_assert,92,DebugP_log.c,../nortos/dpl/common,370,
372,0x700A2294,0x0000E7FF,_DebugP_assert,92,DebugP_log.c,../nortos/dpl/common,371,
373,0x700A2296,0x00002001,_DebugP_assert,0,DebugP_log.c,../nortos/dpl/common,372,
374,0x7009A7F2,0xF009FA5D,xQueueSemaphoreTake,1482,queue.c,FreeRTOS-Kernel,373,
375,0x700A3CB0,0x0000B081,xTaskGetSchedulerState,4029,tasks.c,FreeRTOS-Kernel,374,
376,0x700A3CB2,0xF647501C,xTaskGetSchedulerState,4032,tasks.c,FreeRTOS-Kernel,375,
377,0x700A3CB6,0xF2C7000A,xTaskGetSchedulerState,4032,tasks.c,FreeRTOS-Kernel,376,
378,0x700A3CBA,0x00006800,xTaskGetSchedulerState,4032,tasks.c,FreeRTOS-Kernel,377,
379,0x700A3CBC,0x0000B918,xTaskGetSchedulerState,4032,tasks.c,FreeRTOS-Kernel,378,
380,0x700A3CBE,0x0000E7FF,xTaskGetSchedulerState,4032,tasks.c,FreeRTOS-Kernel,379,
381,0x700A3CC0,0x00002001,xTaskGetSchedulerState,0,tasks.c,FreeRTOS-Kernel,380,
382,0x700A3CC2,0x00009000,xTaskGetSchedulerState,4034,tasks.c,FreeRTOS-Kernel,381,
383,0x700A3CC4,0x0000E00D,xTaskGetSchedulerState,4035,tasks.c,FreeRTOS-Kernel,382,
384,0x700A3CC6,0xF6475000,xTaskGetSchedulerState,4038,tasks.c,FreeRTOS-Kernel,383,
385,0x700A3CCA,0xF2C7000A,xTaskGetSchedulerState,4038,tasks.c,FreeRTOS-Kernel,384,
386,0x700A3CCE,0x00006800,xTaskGetSchedulerState,4038,tasks.c,FreeRTOS-Kernel,385,
387,0x700A3CD0,0x0000B918,xTaskGetSchedulerState,4038,tasks.c,FreeRTOS-Kernel,386,
388,0x700A3CD2,0x0000E7FF,xTaskGetSchedulerState,4038,tasks.c,FreeRTOS-Kernel,387,
389,0x700A3CD4,0x00002002,xTaskGetSchedulerState,0,tasks.c,FreeRTOS-Kernel,388,
390,0x700A3CD6,0x00009000,xTaskGetSchedulerState,4040,tasks.c,FreeRTOS-Kernel,389,
391,0x700A3CD8,0x0000E002,xTaskGetSchedulerState,4041,tasks.c,FreeRTOS-Kernel,390,
392,0x7009A7F6,0x00004601,xQueueSemaphoreTake,1482,queue.c,FreeRTOS-Kernel,391,
393,0x7009A7F8,0x00009804,xQueueSemaphoreTake,1482,queue.c,FreeRTOS-Kernel,392,
394,0x7009A7FA,0x00009005,xQueueSemaphoreTake,1482,queue.c,FreeRTOS-Kernel,393,
395,0x7009A7FC,0x0000B931,xQueueSemaphoreTake,1482,queue.c,FreeRTOS-Kernel,394,
396,0x7009A7FE,0x0000E7FF,xQueueSemaphoreTake,1482,queue.c,FreeRTOS-Kernel,395,
397,0x7009A800,0x0000980D,xQueueSemaphoreTake,1482,queue.c,FreeRTOS-Kernel,396,
398,0x7009A802,0x00002800,xQueueSemaphoreTake,1482,queue.c,FreeRTOS-Kernel,397,
399,0x7009A804,0x0000BF18,xQueueSemaphoreTake,1482,queue.c,FreeRTOS-Kernel,398,
400,0x7009A806,0x00002001,xQueueSemaphoreTake,1482,queue.c,FreeRTOS-Kernel,399,
401,0x7009A808,0x00009005,xQueueSemaphoreTake,1482,queue.c,FreeRTOS-Kernel,400,
402,0x7009A80A,0x0000E7FF,xQueueSemaphoreTake,1482,queue.c,FreeRTOS-Kernel,401,
403,0x7009A80C,0x00009905,xQueueSemaphoreTake,0,queue.c,FreeRTOS-Kernel,402,
404,0x7009A80E,0x00002001,xQueueSemaphoreTake,0,queue.c,FreeRTOS-Kernel,403,
405,0x7009A810,0x00004388,xQueueSemaphoreTake,1482,queue.c,FreeRTOS-Kernel,404,
406,0x7009A812,0xF646116A,xQueueSemaphoreTake,1482,queue.c,FreeRTOS-Kernel,405,
407,0x7009A816,0xF2C7010A,xQueueSemaphoreTake,1482,queue.c,FreeRTOS-Kernel,406,
408,0x7009A81A,0x0000466A,xQueueSemaphoreTake,1482,queue.c,FreeRTOS-Kernel,407,
409,0x7009A81C,0x00006011,xQueueSemaphoreTake,1482,queue.c,FreeRTOS-Kernel,408,
410,0x7009A81E,0xF2475173,xQueueSemaphoreTake,1482,queue.c,FreeRTOS-Kernel,409,
411,0x7009A822,0xF2C7010A,xQueueSemaphoreTake,1482,queue.c,FreeRTOS-Kernel,410,
412,0x7009A826,0xF24762E7,xQueueSemaphoreTake,1482,queue.c,FreeRTOS-Kernel,411,
413,0x7009A82A,0xF2C7020A,xQueueSemaphoreTake,1482,queue.c,FreeRTOS-Kernel,412,
414,0x7009A82E,0xF24053CA,xQueueSemaphoreTake,1482,queue.c,FreeRTOS-Kernel,413,
415,0x7009A832,0xF007FD25,xQueueSemaphoreTake,1482,queue.c,FreeRTOS-Kernel,414,
416,0x700A2280,0x0000B5B0,_DebugP_assert,91,DebugP_log.c,../nortos/dpl/common,415,
417,0x700A2282,0x0000B08E,_DebugP_assert,91,DebugP_log.c,../nortos/dpl/common,416,
418,0x700A2284,0xF8DDC048,_DebugP_assert,91,DebugP_log.c,../nortos/dpl/common,417,
419,0x700A2288,0x0000900D,_DebugP_assert,91,DebugP_log.c,../nortos/dpl/common,418,
420,0x7009A836,0x0000E7FF,xQueueSemaphoreTake,1489,queue.c,FreeRTOS-Kernel,419,
421,0x7009A838,0xF009FBDA,xQueueSemaphoreTake,1491,queue.c,FreeRTOS-Kernel,420,
422,0x700A3FF0,0x0000B672,vDisableInterruptPriority,4333,tasks.c,FreeRTOS-Kernel,421,
423,0x700A3FF2,0xF647501C,n/a,4336,n/a,n/a,422,
424,0x700A3FF6,0xF2C7000A,n/a,4336,n/a,n/a,423,
425,0x700A3FFA,0x00006800,n/a,4336,n/a,n/a,424,
426,0x700A3FFC,0x0000B178,n/a,4336,n/a,n/a,425,
427,0x700A3FFE,0x0000E7FF,n/a,4336,n/a,n/a,426,
428,0x700A4000,0xF64740DC,n/a,4338,n/a,n/a,427,
429,0x700A4004,0xF2C7000A,n/a,4338,n/a,n/a,428,
430,0x700A4008,0x00006802,n/a,4338,n/a,n/a,429,
431,0x700A400A,0x00006D51,n/a,4338,n/a,n/a,430,
432,0x700A400C,0x00003101,n/a,4338,n/a,n/a,431,
433,0x700A400E,0x00006551,n/a,4338,n/a,n/a,432,
434,0x700A4010,0x00006800,n/a,4346,n/a,n/a,433,
435,0x700A4012,0x00006D40,n/a,4346,n/a,n/a,434,
436,0x700A4014,0x00002801,n/a,4346,n/a,n/a,435,
437,0x700A4016,0x0000D101,n/a,4346,n/a,n/a,436,
438,0x700A4018,0x0000E7FF,n/a,4346,n/a,n/a,437,
439,0x700A401A,0x0000E7FF,n/a,4349,n/a,n/a,438,
440,0x700A401C,0x0000E000,n/a,4350,n/a,n/a,439,
441,0x700A4020,0x00004770,n/a,4355,n/a,n/a,440,
442,0x7009A83C,0x00009809,xQueueSemaphoreTake,1495,queue.c,FreeRTOS-Kernel,441,
443,0x7009A83E,0x00006B80,xQueueSemaphoreTake,1495,queue.c,FreeRTOS-Kernel,442,
444,0x7009A840,0x00009007,xQueueSemaphoreTake,1495,queue.c,FreeRTOS-Kernel,443,
445,0x7009A842,0x00009807,xQueueSemaphoreTake,1499,queue.c,FreeRTOS-Kernel,444,
446,0x7009A844,0x0000B310,xQueueSemaphoreTake,1499,queue.c,FreeRTOS-Kernel,445,
447,0x7009A846,0x0000E7FF,xQueueSemaphoreTake,1499,queue.c,FreeRTOS-Kernel,446,
448,0x7009A848,0x00009807,xQueueSemaphoreTake,1505,queue.c,FreeRTOS-Kernel,447,
449,0x7009A84A,0x00003801,xQueueSemaphoreTake,1505,queue.c,FreeRTOS-Kernel,448,
450,0x7009A84C,0x00009909,xQueueSemaphoreTake,1505,queue.c,FreeRTOS-Kernel,449,
451,0x7009A84E,0x00006388,xQueueSemaphoreTake,1505,queue.c,FreeRTOS-Kernel,450,
452,0x7009A850,0x00009809,xQueueSemaphoreTake,1509,queue.c,FreeRTOS-Kernel,451,
453,0x7009A852,0x00006800,xQueueSemaphoreTake,1509,queue.c,FreeRTOS-Kernel,452,
454,0x7009A854,0x0000B928,xQueueSemaphoreTake,1509,queue.c,FreeRTOS-Kernel,453,
455,0x7009A856,0x0000E7FF,xQueueSemaphoreTake,1509,queue.c,FreeRTOS-Kernel,454,
456,0x7009A858,0xF009FDBA,xQueueSemaphoreTake,1513,queue.c,FreeRTOS-Kernel,455,
457,0x700A43D0,0xF64740DC,pvTaskIncrementMutexHeldCount,4671,tasks.c,FreeRTOS-Kernel,456,
458,0x700A43D4,0xF2C7000A,pvTaskIncrementMutexHeldCount,4671,tasks.c,FreeRTOS-Kernel,457,
459,0x700A43D8,0x00006800,pvTaskIncrementMutexHeldCount,4671,tasks.c,FreeRTOS-Kernel,458,
460,0x700A43DA,0x0000B148,pvTaskIncrementMutexHeldCount,4671,tasks.c,FreeRTOS-Kernel,459,
461,0x700A43DC,0x0000E7FF,pvTaskIncrementMutexHeldCount,4671,tasks.c,FreeRTOS-Kernel,460,
462,0x700A43DE,0xF64740DC,pvTaskIncrementMutexHeldCount,4673,tasks.c,FreeRTOS-Kernel,461,
463,0x700A43E2,0xF2C7000A,pvTaskIncrementMutexHeldCount,4673,tasks.c,FreeRTOS-Kernel,462,
464,0x700A43E6,0x00006801,pvTaskIncrementMutexHeldCount,4673,tasks.c,FreeRTOS-Kernel,463,
465,0x700A43E8,0x00006E48,pvTaskIncrementMutexHeldCount,4673,tasks.c,FreeRTOS-Kernel,464,
466,0x700A43EA,0x00003001,pvTaskIncrementMutexHeldCount,4673,tasks.c,FreeRTOS-Kernel,465,
467,0x700A43EC,0x00006648,pvTaskIncrementMutexHeldCount,4673,tasks.c,FreeRTOS-Kernel,466,
468,0x700A43EE,0x0000E7FF,pvTaskIncrementMutexHeldCount,4674,tasks.c,FreeRTOS-Kernel,467,
469,0x700A43F0,0xF64740DC,pvTaskIncrementMutexHeldCount,4676,tasks.c,FreeRTOS-Kernel,468,
470,0x700A43F4,0xF2C7000A,pvTaskIncrementMutexHeldCount,4676,tasks.c,FreeRTOS-Kernel,469,
471,0x700A43F8,0x00006800,pvTaskIncrementMutexHeldCount,4676,tasks.c,FreeRTOS-Kernel,470,
472,0x700A43FA,0x00004770,pvTaskIncrementMutexHeldCount,4676,tasks.c,FreeRTOS-Kernel,471,
473,0x700A43FC,0x00000000,n/a,,n/a,n/a,472,
474,0x700A43FE,0x00000000,n/a,,n/a,n/a,473,
475,0x700A4400,0x0000B083,vApplicationGetIdleTaskMemory,396,port.c,portable/TI_ARM_CLANG/ARM_CR5F,474,
476,0x700A4402,0x00009002,vApplicationGetIdleTaskMemory,396,port.c,portable/TI_ARM_CLANG/ARM_CR5F,475,
477,0x700A4404,0x00009101,vApplicationGetIdleTaskMemory,396,port.c,portable/TI_ARM_CLANG/ARM_CR5F,476,
478,0x700A4406,0x00009200,vApplicationGetIdleTaskMemory,396,port.c,portable/TI_ARM_CLANG/ARM_CR5F,477,
479,0x700A4408,0x00009902,vApplicationGetIdleTaskMemory,400,port.c,portable/TI_ARM_CLANG/ARM_CR5F,478,
480,0x700A440A,0xF64260E8,vApplicationGetIdleTaskMemory,400,port.c,portable/TI_ARM_CLANG/ARM_CR5F,479,
481,0x700A440E,0xF2C70008,vApplicationGetIdleTaskMemory,400,port.c,portable/TI_ARM_CLANG/ARM_CR5F,480,
482,0x700A4412,0x00006008,vApplicationGetIdleTaskMemory,400,port.c,portable/TI_ARM_CLANG/ARM_CR5F,481,
483,0x700A4414,0x00009901,vApplicationGetIdleTaskMemory,403,port.c,portable/TI_ARM_CLANG/ARM_CR5F,482,
484,0x700A4416,0xF2410008,vApplicationGetIdleTaskMemory,403,port.c,portable/TI_ARM_CLANG/ARM_CR5F,483,
485,0x700A441A,0xF2C70008,vApplicationGetIdleTaskMemory,403,port.c,portable/TI_ARM_CLANG/ARM_CR5F,484,
486,0x700A441E,0x00006008,vApplicationGetIdleTaskMemory,403,port.c,portable/TI_ARM_CLANG/ARM_CR5F,485,
487,0x7009A886,0x00002001,xQueueSemaphoreTake,0,queue.c,FreeRTOS-Kernel,486,
488,0x7009A888,0x0000900F,xQueueSemaphoreTake,1541,queue.c,FreeRTOS-Kernel,487,
489,0x7009A88A,0x0000E099,xQueueSemaphoreTake,1541,queue.c,FreeRTOS-Kernel,488,
490,0x7009A9C0,0x0000980F,xQueueSemaphoreTake,1677,queue.c,FreeRTOS-Kernel,489,
491,0x7009A9C2,0x0000B010,xQueueSemaphoreTake,1677,queue.c,FreeRTOS-Kernel,490,
492,0x7009A9C4,0x0000BD80,xQueueSemaphoreTake,1677,queue.c,FreeRTOS-Kernel,491,
493,0x700A49F4,0x00003801,tm_semaphore_get,219,tm_porting_layer_freertos.c,..,492,
494,0x700A49F6,0x0000BF18,tm_semaphore_get,219,tm_porting_layer_freertos.c,..,493,
495,0x700A49F8,0x00002001,tm_semaphore_get,219,tm_porting_layer_freertos.c,..,494,
496,0x700A49FA,0x0000BD80,tm_semaphore_get,224,tm_porting_layer_freertos.c,..,495,
497,0x700A3C9C,0x00002000,tm_synchronization_processing_thread_0_entry,107,tm_synchronization_processing_test.c,..,496,
498,0x700A3C9E,0xF000FDAF,tm_synchronization_processing_thread_0_entry,107,tm_synchronization_processing_test.c,..,497,
499,0x700A4800,0x0000B580,tm_semaphore_put,246,tm_porting_layer_freertos.c,..,498,
500,0x700A4802,0xF24311D4,tm_semaphore_put,249,tm_porting_layer_freertos.c,..,499,
501,0x700A4806,0x00002200,tm_semaphore_put,249,tm_porting_layer_freertos.c,..,500,
502,0x700A4808,0xF2C70108,tm_semaphore_put,249,tm_porting_layer_freertos.c,..,501,
503,0x700A480C,0x00002300,tm_semaphore_put,249,tm_porting_layer_freertos.c,..,502,
504,0x700A480E,0xF8510020,tm_semaphore_put,249,tm_porting_layer_freertos.c,..,503,
505,0x700A4812,0x00002100,tm_semaphore_put,249,tm_porting_layer_freertos.c,..,504,
506,0x700A4814,0xF7F6F8DC,tm_semaphore_put,249,tm_porting_layer_freertos.c,..,505,
507,0x7009A9D0,0x0000B580,xQueueGenericSend,775,queue.c,FreeRTOS-Kernel,506,
508,0x7009A9D2,0x0000B090,xQueueGenericSend,775,queue.c,FreeRTOS-Kernel,507,
509,0x7009A9D4,0x0000900E,xQueueGenericSend,775,queue.c,FreeRTOS-Kernel,508,
510,0x7009A9D6,0x0000910D,xQueueGenericSend,775,queue.c,FreeRTOS-Kernel,509,
511,0x7009A9D8,0x0000920C,xQueueGenericSend,775,queue.c,FreeRTOS-Kernel,510,
512,0x7009A9DA,0x0000930B,xQueueGenericSend,775,queue.c,FreeRTOS-Kernel,511,
513,0x7009A9DC,0x00002000,xQueueGenericSend,775,queue.c,FreeRTOS-Kernel,512,
514,0x7009A9DE,0x00009004,xQueueGenericSend,776,queue.c,FreeRTOS-Kernel,513,
515,0x7009A9E0,0x0000900A,xQueueGenericSend,776,queue.c,FreeRTOS-Kernel,514,
516,0x7009A9E2,0x0000980E,xQueueGenericSend,778,queue.c,FreeRTOS-Kernel,515,
517,0x7009A9E4,0x00009006,xQueueGenericSend,778,queue.c,FreeRTOS-Kernel,516,
518,0x7009A9E6,0x00009806,xQueueGenericSend,780,queue.c,FreeRTOS-Kernel,517,
519,0x7009A9E8,0xF24761BF,xQueueGenericSend,780,queue.c,FreeRTOS-Kernel,518,
520,0x7009A9EC,0xF2C7010A,xQueueGenericSend,780,queue.c,FreeRTOS-Kernel,519,
521,0x7009A9F0,0x0000466A,xQueueGenericSend,780,queue.c,FreeRTOS-Kernel,520,
522,0x7009A9F2,0x00006011,xQueueGenericSend,780,queue.c,FreeRTOS-Kernel,521,
523,0x7009A9F4,0xF2475173,xQueueGenericSend,780,queue.c,FreeRTOS-Kernel,522,
524,0x7009A9F8,0xF2C7010A,xQueueGenericSend,780,queue.c,FreeRTOS-Kernel,523,
525,0x7009A9FC,0xF647023D,xQueueGenericSend,780,queue.c,FreeRTOS-Kernel,524,
526,0x7009AA00,0xF2C7020A,xQueueGenericSend,780,queue.c,FreeRTOS-Kernel,525,
527,0x7009AA04,0xF44F7343,xQueueGenericSend,780,queue.c,FreeRTOS-Kernel,526,
528,0x7009AA08,0xF007FC3A,xQueueGenericSend,780,queue.c,FreeRTOS-Kernel,527,
529,0x700A2280,0x0000B5B0,_DebugP_assert,91,DebugP_log.c,../nortos/dpl/common,528,
530,0x700A2282,0x0000B08E,_DebugP_assert,91,DebugP_log.c,../nortos/dpl/common,529,
531,0x700A2284,0xF8DDC048,_DebugP_assert,91,DebugP_log.c,../nortos/dpl/common,530,
532,0x700A2288,0x0000900D,_DebugP_assert,91,DebugP_log.c,../nortos/dpl/common,531,
533,0x700A228A,0x0000910C,_DebugP_assert,91,DebugP_log.c,../nortos/dpl/common,532,
534,0x700A228C,0x0000920B,_DebugP_assert,91,DebugP_log.c,../nortos/dpl/common,533,
535,0x700A228E,0x0000930A,_DebugP_assert,91,DebugP_log.c,../nortos/dpl/common,534,
536,0x700A2290,0x0000980D,_DebugP_assert,92,DebugP_log.c,../nortos/dpl/common,535,
537,0x700A2292,0x0000BB88,_DebugP_assert,92,DebugP_log.c,../nortos/dpl/common,536,
538,0x700A2294,0x0000E7FF,_DebugP_assert,92,DebugP_log.c,../nortos/dpl/common,537,
539,0x700A2296,0x00002001,_DebugP_assert,0,DebugP_log.c,../nortos/dpl/common,538,
540,0x7009AA0C,0x00009804,xQueueGenericSend,780,queue.c,FreeRTOS-Kernel,539,
541,0x7009AA0E,0x0000990D,xQueueGenericSend,781,queue.c,FreeRTOS-Kernel,540,
542,0x7009AA10,0x00009005,xQueueGenericSend,781,queue.c,FreeRTOS-Kernel,541,
543,0x7009AA12,0x0000B939,xQueueGenericSend,781,queue.c,FreeRTOS-Kernel,542,
544,0x7009AA14,0x0000E7FF,xQueueGenericSend,781,queue.c,FreeRTOS-Kernel,543,
545,0x7009AA16,0x00009806,xQueueGenericSend,781,queue.c,FreeRTOS-Kernel,544,
546,0x7009AA18,0x00006C00,xQueueGenericSend,781,queue.c,FreeRTOS-Kernel,545,
547,0x7009AA1A,0x00002800,xQueueGenericSend,781,queue.c,FreeRTOS-Kernel,546,
548,0x7009AA1C,0x0000BF18,xQueueGenericSend,781,queue.c,FreeRTOS-Kernel,547,
549,0x7009AA1E,0x00002001,xQueueGenericSend,781,queue.c,FreeRTOS-Kernel,548,
550,0x7009AA20,0x00009005,xQueueGenericSend,781,queue.c,FreeRTOS-Kernel,549,
551,0x7009AA22,0x0000E7FF,xQueueGenericSend,781,queue.c,FreeRTOS-Kernel,550,
552,0x7009AA24,0x00009905,xQueueGenericSend,0,queue.c,FreeRTOS-Kernel,551,
553,0x7009AA26,0x00002001,xQueueGenericSend,0,queue.c,FreeRTOS-Kernel,552,
554,0x7009AA28,0x00004388,xQueueGenericSend,781,queue.c,FreeRTOS-Kernel,553,
555,0x7009AA2A,0xF6461108,xQueueGenericSend,781,queue.c,FreeRTOS-Kernel,554,
556,0x7009AA2E,0xF2C7010A,xQueueGenericSend,781,queue.c,FreeRTOS-Kernel,555,
557,0x7009AA32,0x0000466A,xQueueGenericSend,781,queue.c,FreeRTOS-Kernel,556,
558,0x7009AA34,0x00006011,xQueueGenericSend,781,queue.c,FreeRTOS-Kernel,557,
559,0x7009AA36,0xF2475173,xQueueGenericSend,781,queue.c,FreeRTOS-Kernel,558,
560,0x7009AA3A,0xF2C7010A,xQueueGenericSend,781,queue.c,FreeRTOS-Kernel,559,
561,0x7009AA3E,0xF647023D,xQueueGenericSend,781,queue.c,FreeRTOS-Kernel,560,
562,0x7009AA42,0xF2C7020A,xQueueGenericSend,781,queue.c,FreeRTOS-Kernel,561,
563,0x7009AA46,0xF240330D,xQueueGenericSend,781,queue.c,FreeRTOS-Kernel,562,
564,0x7009AA4A,0xF007FC19,xQueueGenericSend,781,queue.c,FreeRTOS-Kernel,563,
565,0x700A2280,0x0000B5B0,_DebugP_assert,91,DebugP_log.c,../nortos/dpl/common,564,
566,0x700A2282,0x0000B08E,_DebugP_assert,91,DebugP_log.c,../nortos/dpl/common,565,
567,0x700A2284,0xF8DDC048,_DebugP_assert,91,DebugP_log.c,../nortos/dpl/common,566,
568,0x700A2288,0x0000900D,_DebugP_assert,91,DebugP_log.c,../nortos/dpl/common,567,
569,0x700A228A,0x0000910C,_DebugP_assert,91,DebugP_log.c,../nortos/dpl/common,568,
570,0x700A228C,0x0000920B,_DebugP_assert,91,DebugP_log.c,../nortos/dpl/common,569,
571,0x700A228E,0x0000930A,_DebugP_assert,91,DebugP_log.c,../nortos/dpl/common,570,
572,0x700A2290,0x0000980D,_DebugP_assert,92,DebugP_log.c,../nortos/dpl/common,571,
573,0x700A2292,0x0000BB88,_DebugP_assert,92,DebugP_log.c,../nortos/dpl/common,572,
574,0x700A2294,0x0000E7FF,_DebugP_assert,92,DebugP_log.c,../nortos/dpl/common,573,
575,0x700A2296,0x00002001,_DebugP_assert,0,DebugP_log.c,../nortos/dpl/common,574,
576,0x7009AA4E,0x0000990B,xQueueGenericSend,782,queue.c,FreeRTOS-Kernel,575,
577,0x7009AA50,0x00002000,xQueueGenericSend,782,queue.c,FreeRTOS-Kernel,576,
578,0x7009AA52,0x00002902,xQueueGenericSend,782,queue.c,FreeRTOS-Kernel,577,
579,0x7009AA54,0x00009003,xQueueGenericSend,782,queue.c,FreeRTOS-Kernel,578,
580,0x7009AA56,0x0000D107,xQueueGenericSend,782,queue.c,FreeRTOS-Kernel,579,
581,0x7009AA68,0x00009903,xQueueGenericSend,0,queue.c,FreeRTOS-Kernel,580,
582,0x7009AA6A,0x00002001,xQueueGenericSend,0,queue.c,FreeRTOS-Kernel,581,
583,0x7009AA6C,0x00004388,xQueueGenericSend,782,queue.c,FreeRTOS-Kernel,582,
584,0x7009AA6E,0xF64621DD,xQueueGenericSend,782,queue.c,FreeRTOS-Kernel,583,
585,0x7009AA72,0xF2C7010A,xQueueGenericSend,782,queue.c,FreeRTOS-Kernel,584,
586,0x7009AA76,0x0000466A,xQueueGenericSend,782,queue.c,FreeRTOS-Kernel,585,
587,0x7009AA78,0x00006011,xQueueGenericSend,782,queue.c,FreeRTOS-Kernel,586,
588,0x7009AA7A,0xF2475173,xQueueGenericSend,782,queue.c,FreeRTOS-Kernel,587,
589,0x7009AA7E,0xF2C7010A,xQueueGenericSend,782,queue.c,FreeRTOS-Kernel,588,
590,0x7009AA82,0xF647023D,xQueueGenericSend,782,queue.c,FreeRTOS-Kernel,589,
591,0x7009AA86,0xF2C7020A,xQueueGenericSend,782,queue.c,FreeRTOS-Kernel,590,
592,0x7009AA8A,0xF240330E,xQueueGenericSend,782,queue.c,FreeRTOS-Kernel,591,
593,0x7009AA8E,0xF007FBF7,xQueueGenericSend,782,queue.c,FreeRTOS-Kernel,592,
594,0x700A2280,0x0000B5B0,_DebugP_assert,91,DebugP_log.c,../nortos/dpl/common,593,
595,0x700A2282,0x0000B08E,_DebugP_assert,91,DebugP_log.c,../nortos/dpl/common,594,
596,0x700A2284,0xF8DDC048,_DebugP_assert,91,DebugP_log.c,../nortos/dpl/common,595,
597,0x700A2288,0x0000900D,_DebugP_assert,91,DebugP_log.c,../nortos/dpl/common,596,
598,0x700A228A,0x0000910C,_DebugP_assert,91,DebugP_log.c,../nortos/dpl/common,597,
599,0x700A228C,0x0000920B,_DebugP_assert,91,DebugP_log.c,../nortos/dpl/common,598,
600,0x700A228E,0x0000930A,_DebugP_assert,91,DebugP_log.c,../nortos/dpl/common,599,
601,0x700A2290,0x0000980D,_DebugP_assert,92,DebugP_log.c,../nortos/dpl/common,600,
602,0x700A2292,0x0000BB88,_DebugP_assert,92,DebugP_log.c,../nortos/dpl/common,601,
603,0x700A2294,0x0000E7FF,_DebugP_assert,92,DebugP_log.c,../nortos/dpl/common,602,
604,0x700A2296,0x00002001,_DebugP_assert,0,DebugP_log.c,../nortos/dpl/common,603,
605,0x7009AA92,0xF009F90D,xQueueGenericSend,785,queue.c,FreeRTOS-Kernel,604,
606,0x700A3CB0,0x0000B081,xTaskGetSchedulerState,4029,tasks.c,FreeRTOS-Kernel,605,
607,0x700A3CB2,0xF647501C,xTaskGetSchedulerState,4032,tasks.c,FreeRTOS-Kernel,606,
608,0x700A3CB6,0xF2C7000A,xTaskGetSchedulerState,4032,tasks.c,FreeRTOS-Kernel,607,
609,0x700A3CBA,0x00006800,xTaskGetSchedulerState,4032,tasks.c,FreeRTOS-Kernel,608,
610,0x700A3CBC,0x0000B918,xTaskGetSchedulerState,4032,tasks.c,FreeRTOS-Kernel,609,
611,0x700A3CBE,0x0000E7FF,xTaskGetSchedulerState,4032,tasks.c,FreeRTOS-Kernel,610,
612,0x700A3CC0,0x00002001,xTaskGetSchedulerState,0,tasks.c,FreeRTOS-Kernel,611,
613,0x700A3CC2,0x00009000,xTaskGetSchedulerState,4034,tasks.c,FreeRTOS-Kernel,612,
614,0x700A3CC4,0x0000E00D,xTaskGetSchedulerState,4035,tasks.c,FreeRTOS-Kernel,613,
615,0x700A3CC6,0xF6475000,xTaskGetSchedulerState,4038,tasks.c,FreeRTOS-Kernel,614,
616,0x700A3CCA,0xF2C7000A,xTaskGetSchedulerState,4038,tasks.c,FreeRTOS-Kernel,615,
617,0x700A3CCE,0x00006800,xTaskGetSchedulerState,4038,tasks.c,FreeRTOS-Kernel,616,
618,0x700A3CD0,0x0000B918,xTaskGetSchedulerState,4038,tasks.c,FreeRTOS-Kernel,617,
619,0x700A3CD2,0x0000E7FF,xTaskGetSchedulerState,4038,tasks.c,FreeRTOS-Kernel,618,
620,0x700A3CD4,0x00002002,xTaskGetSchedulerState,0,tasks.c,FreeRTOS-Kernel,619,
621,0x700A3CD6,0x00009000,xTaskGetSchedulerState,4040,tasks.c,FreeRTOS-Kernel,620,
622,0x700A3CD8,0x0000E002,xTaskGetSchedulerState,4041,tasks.c,FreeRTOS-Kernel,621,
623,0x7009AA96,0x00004601,xQueueGenericSend,785,queue.c,FreeRTOS-Kernel,622,
624,0x7009AA98,0x00002000,xQueueGenericSend,785,queue.c,FreeRTOS-Kernel,623,
625,0x7009AA9A,0x00009002,xQueueGenericSend,785,queue.c,FreeRTOS-Kernel,624,
626,0x7009AA9C,0x0000B931,xQueueGenericSend,785,queue.c,FreeRTOS-Kernel,625,
627,0x7009AA9E,0x0000E7FF,xQueueGenericSend,785,queue.c,FreeRTOS-Kernel,626,
628,0x7009AAA0,0x0000980C,xQueueGenericSend,785,queue.c,FreeRTOS-Kernel,627,
629,0x7009AAA2,0x00002800,xQueueGenericSend,785,queue.c,FreeRTOS-Kernel,628,
630,0x7009AAA4,0x0000BF18,xQueueGenericSend,785,queue.c,FreeRTOS-Kernel,629,
631,0x7009AAA6,0x00002001,xQueueGenericSend,785,queue.c,FreeRTOS-Kernel,630,
632,0x7009AAA8,0x00009002,xQueueGenericSend,785,queue.c,FreeRTOS-Kernel,631,
633,0x7009AAAA,0x0000E7FF,xQueueGenericSend,785,queue.c,FreeRTOS-Kernel,632,
634,0x7009AAAC,0x00009902,xQueueGenericSend,0,queue.c,FreeRTOS-Kernel,633,
635,0x7009AAAE,0x00002001,xQueueGenericSend,0,queue.c,FreeRTOS-Kernel,634,
636,0x7009AAB0,0x00004388,xQueueGenericSend,785,queue.c,FreeRTOS-Kernel,635,
637,0x7009AAB2,0xF646116A,xQueueGenericSend,785,queue.c,FreeRTOS-Kernel,636,
638,0x7009AAB6,0xF2C7010A,xQueueGenericSend,785,queue.c,FreeRTOS-Kernel,637,
639,0x7009AABA,0x0000466A,xQueueGenericSend,785,queue.c,FreeRTOS-Kernel,638,
640,0x7009AABC,0x00006011,xQueueGenericSend,785,queue.c,FreeRTOS-Kernel,639,
641,0x7009AABE,0xF2475173,xQueueGenericSend,785,queue.c,FreeRTOS-Kernel,640,
642,0x7009AAC2,0xF2C7010A,xQueueGenericSend,785,queue.c,FreeRTOS-Kernel,641,
643,0x7009AAC6,0xF647023D,xQueueGenericSend,785,queue.c,FreeRTOS-Kernel,642,
644,0x7009AACA,0xF2C7020A,xQueueGenericSend,785,queue.c,FreeRTOS-Kernel,643,
645,0x7009AACE,0xF2403311,xQueueGenericSend,785,queue.c,FreeRTOS-Kernel,644,
646,0x7009AAD2,0xF007FBD5,xQueueGenericSend,785,queue.c,FreeRTOS-Kernel,645,
647,0x700A2280,0x0000B5B0,_DebugP_assert,91,DebugP_log.c,../nortos/dpl/common,646,
648,0x700A2282,0x0000B08E,_DebugP_assert,91,DebugP_log.c,../nortos/dpl/common,647,
649,0x700A2284,0xF8DDC048,_DebugP_assert,91,DebugP_log.c,../nortos/dpl/common,648,
650,0x700A2288,0x0000900D,_DebugP_assert,91,DebugP_log.c,../nortos/dpl/common,649,
651,0x7009AAD6,0x0000E7FF,xQueueGenericSend,792,queue.c,FreeRTOS-Kernel,650,
652,0x7009AAD8,0xF009FA8A,xQueueGenericSend,794,queue.c,FreeRTOS-Kernel,651,
653,0x700A3FF0,0x0000B672,vDisableInterruptPriority,4333,tasks.c,FreeRTOS-Kernel,652,
654,0x700A3FF2,0xF647501C,n/a,4336,n/a,n/a,653,
655,0x700A3FF6,0xF2C7000A,n/a,4336,n/a,n/a,654,
656,0x700A3FFA,0x00006800,n/a,4336,n/a,n/a,655,
657,0x700A3FFC,0x0000B178,n/a,4336,n/a,n/a,656,
658,0x700A3FFE,0x0000E7FF,n/a,4336,n/a,n/a,657,
659,0x700A4000,0xF64740DC,n/a,4338,n/a,n/a,658,
660,0x700A4004,0xF2C7000A,n/a,4338,n/a,n/a,659,
661,0x700A4008,0x00006802,n/a,4338,n/a,n/a,660,
662,0x700A400A,0x00006D51,n/a,4338,n/a,n/a,661,
663,0x700A400C,0x00003101,n/a,4338,n/a,n/a,662,
664,0x700A400E,0x00006551,n/a,4338,n/a,n/a,663,
665,0x700A4010,0x00006800,n/a,4346,n/a,n/a,664,
666,0x700A4012,0x00006D40,n/a,4346,n/a,n/a,665,
667,0x700A4014,0x00002801,n/a,4346,n/a,n/a,666,
668,0x700A4016,0x0000D101,n/a,4346,n/a,n/a,667,
669,0x700A4018,0x0000E7FF,n/a,4346,n/a,n/a,668,
670,0x700A401A,0x0000E7FF,n/a,4349,n/a,n/a,669,
671,0x700A401C,0x0000E000,n/a,4350,n/a,n/a,670,
672,0x700A4020,0x00004770,n/a,4355,n/a,n/a,671,
673,0x7009AADC,0x00009806,xQueueGenericSend,800,queue.c,FreeRTOS-Kernel,672,
674,0x7009AADE,0x00006B80,xQueueGenericSend,800,queue.c,FreeRTOS-Kernel,673,
675,0x7009AAE0,0x00009906,xQueueGenericSend,800,queue.c,FreeRTOS-Kernel,674,
676,0x7009AAE2,0x00006BC9,xQueueGenericSend,800,queue.c,FreeRTOS-Kernel,675,
677,0x7009AAE4,0x00004288,xQueueGenericSend,800,queue.c,FreeRTOS-Kernel,676,
678,0x7009AAE6,0x0000D304,xQueueGenericSend,800,queue.c,FreeRTOS-Kernel,677,
679,0x7009AAF2,0x00009806,xQueueGenericSend,866,queue.c,FreeRTOS-Kernel,678,
680,0x7009AAF4,0x0000990D,xQueueGenericSend,866,queue.c,FreeRTOS-Kernel,679,
681,0x7009AAF6,0x00009A0B,xQueueGenericSend,866,queue.c,FreeRTOS-Kernel,680,
682,0x7009AAF8,0xF004FE12,xQueueGenericSend,866,queue.c,FreeRTOS-Kernel,681,
683,0x7009F720,0x0000B580,prvCopyDataToQueue,2129,queue.c,FreeRTOS-Kernel,682,
684,0x7009F722,0x0000B086,prvCopyDataToQueue,2129,queue.c,FreeRTOS-Kernel,683,
685,0x7009F724,0x00009005,prvCopyDataToQueue,2129,queue.c,FreeRTOS-Kernel,684,
686,0x7009F726,0x00009104,prvCopyDataToQueue,2129,queue.c,FreeRTOS-Kernel,685,
687,0x7009F728,0x00009203,prvCopyDataToQueue,2129,queue.c,FreeRTOS-Kernel,686,
688,0x7009F72A,0x00002000,prvCopyDataToQueue,2129,queue.c,FreeRTOS-Kernel,687,
689,0x7009F72C,0x00009002,prvCopyDataToQueue,2130,queue.c,FreeRTOS-Kernel,688,
690,0x7009F72E,0x00009805,prvCopyDataToQueue,2135,queue.c,FreeRTOS-Kernel,689,
691,0x7009F730,0x00006B80,prvCopyDataToQueue,2135,queue.c,FreeRTOS-Kernel,690,
692,0x7009F732,0x00009001,prvCopyDataToQueue,2135,queue.c,FreeRTOS-Kernel,691,
693,0x7009F734,0x00009805,prvCopyDataToQueue,2137,queue.c,FreeRTOS-Kernel,692,
694,0x7009F736,0x00006C00,prvCopyDataToQueue,2137,queue.c,FreeRTOS-Kernel,693,
695,0x7009F738,0x0000B978,prvCopyDataToQueue,2137,queue.c,FreeRTOS-Kernel,694,
696,0x7009F73A,0x0000E7FF,prvCopyDataToQueue,2137,queue.c,FreeRTOS-Kernel,695,
697,0x7009F73C,0x00009805,prvCopyDataToQueue,2141,queue.c,FreeRTOS-Kernel,696,
698,0x7009F73E,0x00006800,prvCopyDataToQueue,2141,queue.c,FreeRTOS-Kernel,697,
699,0x7009F740,0x0000B948,prvCopyDataToQueue,2141,queue.c,FreeRTOS-Kernel,698,
700,0x7009F742,0x0000E7FF,prvCopyDataToQueue,2141,queue.c,FreeRTOS-Kernel,699,
701,0x7009F744,0x00009805,prvCopyDataToQueue,2144,queue.c,FreeRTOS-Kernel,700,
702,0x7009F746,0x00006880,prvCopyDataToQueue,2144,queue.c,FreeRTOS-Kernel,701,
703,0x7009F748,0xF7FEFFBA,prvCopyDataToQueue,2144,queue.c,FreeRTOS-Kernel,702,
704,0x7009E6C0,0x0000B580,xTaskPriorityDisinherit,4147,tasks.c,FreeRTOS-Kernel,703,
705,0x7009E6C2,0x0000B086,xTaskPriorityDisinherit,4147,tasks.c,FreeRTOS-Kernel,704,
706,0x7009E6C4,0x00009005,xTaskPriorityDisinherit,4147,tasks.c,FreeRTOS-Kernel,705,
707,0x7009E6C6,0x00009805,xTaskPriorityDisinherit,4148,tasks.c,FreeRTOS-Kernel,706,
708,0x7009E6C8,0x00009004,xTaskPriorityDisinherit,4148,tasks.c,FreeRTOS-Kernel,707,
709,0x7009AAFC,0x00009009,xQueueGenericSend,866,queue.c,FreeRTOS-Kernel,708,
710,0x7009AAFE,0x00009806,xQueueGenericSend,870,queue.c,FreeRTOS-Kernel,709,
711,0x7009AB00,0x00006A40,xQueueGenericSend,870,queue.c,FreeRTOS-Kernel,710,
712,0x7009AB02,0x0000B150,xQueueGenericSend,870,queue.c,FreeRTOS-Kernel,711,
713,0x7009AB04,0x0000E7FF,xQueueGenericSend,870,queue.c,FreeRTOS-Kernel,712,
714,0x7009AB06,0x00009806,xQueueGenericSend,872,queue.c,FreeRTOS-Kernel,713,
715,0x7009AB08,0x00003024,xQueueGenericSend,872,queue.c,FreeRTOS-Kernel,714,
716,0x7009AB0A,0xF004FBD9,xQueueGenericSend,872,queue.c,FreeRTOS-Kernel,715,
717,0x7009F2C0,0x0000B580,xTaskRemoveFromEventList,3166,tasks.c,FreeRTOS-Kernel,716,
718,0x7009F2C2,0x0000B084,xTaskRemoveFromEventList,3166,tasks.c,FreeRTOS-Kernel,717,
719,0x7009F2C4,0x00009003,xTaskRemoveFromEventList,3166,tasks.c,FreeRTOS-Kernel,718,
720,0x7009F2C6,0x00009803,xTaskRemoveFromEventList,3183,tasks.c,FreeRTOS-Kernel,719,
721,0x7009F2C8,0x000068C0,xTaskRemoveFromEventList,3183,tasks.c,FreeRTOS-Kernel,720,
722,0x7009F2CA,0x000068C0,xTaskRemoveFromEventList,3183,tasks.c,FreeRTOS-Kernel,721,
723,0x7009F2CC,0x00009002,xTaskRemoveFromEventList,3183,tasks.c,FreeRTOS-Kernel,722,
724,0x7009F2CE,0x00009802,xTaskRemoveFromEventList,3184,tasks.c,FreeRTOS-Kernel,723,
725,0x7009F2D0,0xF247318E,xTaskRemoveFromEventList,3184,tasks.c,FreeRTOS-Kernel,724,
726,0x7009F2D4,0xF2C7010A,xTaskRemoveFromEventList,3184,tasks.c,FreeRTOS-Kernel,725,
727,0x7009F2D8,0x0000466A,xTaskRemoveFromEventList,3184,tasks.c,FreeRTOS-Kernel,726,
728,0x7009F2DA,0x00006011,xTaskRemoveFromEventList,3184,tasks.c,FreeRTOS-Kernel,727,
729,0x7009F2DC,0xF247518B,xTaskRemoveFromEventList,3184,tasks.c,FreeRTOS-Kernel,728,
730,0x7009F2E0,0xF2C7010A,xTaskRemoveFromEventList,3184,tasks.c,FreeRTOS-Kernel,729,
731,0x7009F2E4,0xF24742C7,xTaskRemoveFromEventList,3184,tasks.c,FreeRTOS-Kernel,730,
732,0x7009F2E8,0xF2C7020A,xTaskRemoveFromEventList,3184,tasks.c,FreeRTOS-Kernel,731,
733,0x7009F2EC,0xF44F6347,xTaskRemoveFromEventList,3184,tasks.c,FreeRTOS-Kernel,732,
734,0x7009F2F0,0xF002FFC6,xTaskRemoveFromEventList,3184,tasks.c,FreeRTOS-Kernel,733,
735,0x700A2280,0x0000B5B0,_DebugP_assert,91,DebugP_log.c,../nortos/dpl/common,734,
736,0x700A2282,0x0000B08E,_DebugP_assert,91,DebugP_log.c,../nortos/dpl/common,735,
737,0x700A2284,0xF8DDC048,_DebugP_assert,91,DebugP_log.c,../nortos/dpl/common,736,
738,0x700A2288,0x0000900D,_DebugP_assert,91,DebugP_log.c,../nortos/dpl/common,737,
739,0x700A228A,0x0000910C,_DebugP_assert,91,DebugP_log.c,../nortos/dpl/common,738,
740,0x700A228C,0x0000920B,_DebugP_assert,91,DebugP_log.c,../nortos/dpl/common,739,
741,0x700A228E,0x0000930A,_DebugP_assert,91,DebugP_log.c,../nortos/dpl/common,740,
742,0x700A2290,0x0000980D,_DebugP_assert,92,DebugP_log.c,../nortos/dpl/common,741,
743,0x700A2292,0x0000BB88,_DebugP_assert,92,DebugP_log.c,../nortos/dpl/common,742,
744,0x7009AB2C,0x00002001,xQueueGenericSend,0,queue.c,FreeRTOS-Kernel,743,
745,0x7009AB2E,0x0000900F,xQueueGenericSend,901,queue.c,FreeRTOS-Kernel,744,
746,0x7009AB30,0x0000E05B,xQueueGenericSend,901,queue.c,FreeRTOS-Kernel,745,
747,0x7009ABEA,0x0000980F,xQueueGenericSend,980,queue.c,FreeRTOS-Kernel,746,
748,0x7009ABEC,0x0000B010,xQueueGenericSend,980,queue.c,FreeRTOS-Kernel,747,
749,0x7009ABEE,0x0000BD80,xQueueGenericSend,980,queue.c,FreeRTOS-Kernel,748,
750,0x700A4818,0x00003801,tm_semaphore_put,251,tm_porting_layer_freertos.c,..,749,
751,0x700A481A,0x0000BF18,tm_semaphore_put,251,tm_porting_layer_freertos.c,..,750,
752,0x700A481C,0x00002001,tm_semaphore_put,251,tm_porting_layer_freertos.c,..,751,
753,0x700A481E,0x0000BD80,tm_semaphore_put,256,tm_porting_layer_freertos.c,..,752,
754,,,,,,,,End of trace, Entered debug state when halting debug-mode is enabled
